date,target_index,industrial_production,cass_shipments,consumer_sentiment,mfg_inventory_to_sales_ratio,ppi_motor_vehicle_parts,durable_goods_ex_transport
2024-01-01,74.7885,99.2223,1.039,79.0,1.6,0.003531877153464036,192801.0
2024-01-02,74.7885,99.2223,1.039,79.0,1.6,0.0,192801.0
2024-01-03,74.7885,99.2223,1.039,79.0,1.6,0.0,192801.0
2024-01-04,74.7885,99.2223,1.039,79.0,1.6,0.0,192801.0
2024-01-05,74.7885,99.2223,1.039,79.0,1.6,0.0,192801.0
2024-01-06,74.7885,99.2223,1.039,79.0,1.6,0.0,192801.0
2024-01-08,74.7885,99.2223,1.039,79.0,1.6,0.0,192801.0
2024-01-09,74.7885,99.2223,1.039,79.0,1.6,0.0,192801.0
2024-01-10,74.7885,99.2223,1.039,79.0,1.6,0.0,192801.0
2024-01-11,74.7885,99.2223,1.039,79.0,1.6,0.0,192801.0
2024-01-12,74.7885,99.2223,1.039,79.0,1.6,0.0,192801.0
2024-01-13,74.7885,99.2223,1.039,79.0,1.6,0.0,192801.0
2024-01-15,74.7885,99.2223,1.039,79.0,1.6,0.0,192801.0
2024-01-16,74.7885,99.2223,1.039,79.0,1.6,0.0,192801.0
2024-01-17,74.7885,99.2223,1.039,79.0,1.6,0.0,192801.0
2024-01-18,74.7885,99.2223,1.039,79.0,1.6,0.0,192801.0
2024-01-19,74.7885,99.2223,1.039,79.0,1.6,0.0,192801.0
2024-01-20,74.7885,99.2223,1.039,79.0,1.6,0.0,192801.0
2024-01-22,74.7885,99.2223,1.039,79.0,1.6,0.0,192801.0
2024-01-23,74.7885,99.2223,1.039,79.0,1.6,0.0,192801.0
2024-01-24,74.7885,99.2223,1.039,79.0,1.6,0.0,192801.0
2024-01-25,74.7885,99.2223,1.039,79.0,1.6,0.0,192801.0
2024-01-26,74.7885,99.2223,1.039,79.0,1.6,0.0,192801.0
2024-01-27,74.7885,99.2223,1.039,79.0,1.6,0.0,192801.0
2024-01-29,74.7885,99.2223,1.039,79.0,1.6,0.0,192801.0
2024-01-30,74.7885,99.2223,1.039,79.0,1.6,0.0,192801.0
2024-01-31,74.7885,99.2223,1.039,79.0,1.6,0.0,192801.0
2024-02-01,75.4512,100.285,1.115,76.9,1.59,0.0011575069802363114,192943.0
2024-02-02,75.4512,100.285,1.115,76.9,1.59,0.0,192943.0
2024-02-03,75.4512,100.285,1.115,76.9,1.59,0.0,192943.0
2024-02-05,75.4512,100.285,1.115,76.9,1.59,0.0,192943.0
2024-02-06,75.4512,100.285,1.115,76.9,1.59,0.0,192943.0
2024-02-07,75.4512,100.285,1.115,76.9,1.59,0.0,192943.0
2024-02-08,75.4512,100.285,1.115,76.9,1.59,0.0,192943.0
2024-02-09,75.4512,100.285,1.115,76.9,1.59,0.0,192943.0
2024-02-10,75.4512,100.285,1.115,76.9,1.59,0.0,192943.0
2024-02-12,75.4512,100.285,1.115,76.9,1.59,0.0,192943.0
2024-02-13,75.4512,100.285,1.115,76.9,1.59,0.0,192943.0
2024-02-14,75.4512,100.285,1.115,76.9,1.59,0.0,192943.0
2024-02-15,75.4512,100.285,1.115,76.9,1.59,0.0,192943.0
2024-02-16,75.4512,100.285,1.115,76.9,1.59,0.0,192943.0
2024-02-17,75.4512,100.285,1.115,76.9,1.59,0.0,192943.0
2024-02-19,75.4512,100.285,1.115,76.9,1.59,0.0,192943.0
2024-02-20,75.4512,100.285,1.115,76.9,1.59,0.0,192943.0
2024-02-21,75.4512,100.285,1.115,76.9,1.59,0.0,192943.0
2024-02-22,75.4512,100.285,1.115,76.9,1.59,0.0,192943.0
2024-02-23,75.4512,100.285,1.115,76.9,1.59,0.0,192943.0
2024-02-24,75.4512,100.285,1.115,76.9,1.59,0.0,192943.0
2024-02-26,75.4512,100.285,1.115,76.9,1.59,0.0,192943.0
2024-02-27,75.4512,100.285,1.115,76.9,1.59,0.0,192943.0
2024-02-28,75.4512,100.285,1.115,76.9,1.59,0.0,192943.0
2024-02-29,75.4512,100.285,1.115,76.9,1.59,0.0,192943.0
2024-03-01,76.824,100.4575,1.113,79.4,1.58,0.0017576889124986117,192727.0
2024-03-02,76.824,100.4575,1.113,79.4,1.58,0.0,192727.0
2024-03-04,76.824,100.4575,1.113,79.4,1.58,0.0,192727.0
2024-03-05,76.824,100.4575,1.113,79.4,1.58,0.0,192727.0
2024-03-06,76.824,100.4575,1.113,79.4,1.58,0.0,192727.0
2024-03-07,76.824,100.4575,1.113,79.4,1.58,0.0,192727.0
2024-03-08,76.824,100.4575,1.113,79.4,1.58,0.0,192727.0
2024-03-09,76.824,100.4575,1.113,79.4,1.58,0.0,192727.0
2024-03-11,76.824,100.4575,1.113,79.4,1.58,0.0,192727.0
2024-03-12,76.824,100.4575,1.113,79.4,1.58,0.0,192727.0
2024-03-13,76.824,100.4575,1.113,79.4,1.58,0.0,192727.0
2024-03-14,76.824,100.4575,1.113,79.4,1.58,0.0,192727.0
2024-03-15,76.824,100.4575,1.113,79.4,1.58,0.0,192727.0
2024-03-16,76.824,100.4575,1.113,79.4,1.58,0.0,192727.0
2024-03-18,76.824,100.4575,1.113,79.4,1.58,0.0,192727.0
2024-03-19,76.824,100.4575,1.113,79.4,1.58,0.0,192727.0
2024-03-20,76.824,100.4575,1.113,79.4,1.58,0.0,192727.0
2024-03-21,76.824,100.4575,1.113,79.4,1.58,0.0,192727.0
2024-03-22,76.824,100.4575,1.113,79.4,1.58,0.0,192727.0
2024-03-23,76.824,100.4575,1.113,79.4,1.58,0.0,192727.0
2024-03-25,76.824,100.4575,1.113,79.4,1.58,0.0,192727.0
2024-03-26,76.824,100.4575,1.113,79.4,1.58,0.0,192727.0
2024-03-27,76.824,100.4575,1.113,79.4,1.58,0.0,192727.0
2024-03-28,76.824,100.4575,1.113,79.4,1.58,0.0,192727.0
2024-03-30,76.824,100.4575,1.113,79.4,1.58,0.0,192727.0
2024-04-01,75.3885,100.2434,1.098,77.2,1.57,0.0010605611616263388,193928.0
2024-04-02,75.3885,100.2434,1.098,77.2,1.57,0.0,193928.0
2024-04-03,75.3885,100.2434,1.098,77.2,1.57,0.0,193928.0
2024-04-04,75.3885,100.2434,1.098,77.2,1.57,0.0,193928.0
2024-04-05,75.3885,100.2434,1.098,77.2,1.57,0.0,193928.0
2024-04-06,75.3885,100.2434,1.098,77.2,1.57,0.0,193928.0
2024-04-08,75.3885,100.2434,1.098,77.2,1.57,0.0,193928.0
2024-04-09,75.3885,100.2434,1.098,77.2,1.57,0.0,193928.0
2024-04-10,75.3885,100.2434,1.098,77.2,1.57,0.0,193928.0
2024-04-11,75.3885,100.2434,1.098,77.2,1.57,0.0,193928.0
2024-04-12,75.3885,100.2434,1.098,77.2,1.57,0.0,193928.0
2024-04-13,75.3885,100.2434,1.098,77.2,1.57,0.0,193928.0
2024-04-15,75.3885,100.2434,1.098,77.2,1.57,0.0,193928.0
2024-04-16,75.3885,100.2434,1.098,77.2,1.57,0.0,193928.0
2024-04-17,75.3885,100.2434,1.098,77.2,1.57,0.0,193928.0
2024-04-18,75.3885,100.2434,1.098,77.2,1.57,0.0,193928.0
2024-04-19,75.3885,100.2434,1.098,77.2,1.57,0.0,193928.0
2024-04-20,75.3885,100.2434,1.098,77.2,1.57,0.0,193928.0
2024-04-22,75.3885,100.2434,1.098,77.2,1.57,0.0,193928.0
2024-04-23,75.3885,100.2434,1.098,77.2,1.57,0.0,193928.0
2024-04-24,75.3885,100.2434,1.098,77.2,1.57,0.0,193928.0
2024-04-25,75.3885,100.2434,1.098,77.2,1.57,0.0,193928.0
2024-04-26,75.3885,100.2434,1.098,77.2,1.57,0.0,193928.0
2024-04-27,75.3885,100.2434,1.098,77.2,1.57,0.0,193928.0
2024-04-29,75.3885,100.2434,1.098,77.2,1.57,0.0,193928.0
2024-04-30,75.3885,100.2434,1.098,77.2,1.57,0.0,193928.0
2024-05-01,72.9818,100.863,1.098,69.1,1.59,-0.0009893277245462961,193708.0
2024-05-02,72.9818,100.863,1.098,69.1,1.59,0.0,193708.0
2024-05-03,72.9818,100.863,1.098,69.1,1.59,0.0,193708.0
2024-05-04,72.9818,100.863,1.098,69.1,1.59,0.0,193708.0
2024-05-06,72.9818,100.863,1.098,69.1,1.59,0.0,193708.0
2024-05-07,72.9818,100.863,1.098,69.1,1.59,0.0,193708.0
2024-05-08,72.9818,100.863,1.098,69.1,1.59,0.0,193708.0
2024-05-09,72.9818,100.863,1.098,69.1,1.59,0.0,193708.0
2024-05-10,72.9818,100.863,1.098,69.1,1.59,0.0,193708.0
2024-05-11,72.9818,100.863,1.098,69.1,1.59,0.0,193708.0
2024-05-13,72.9818,100.863,1.098,69.1,1.59,0.0,193708.0
2024-05-14,72.9818,100.863,1.098,69.1,1.59,0.0,193708.0
2024-05-15,72.9818,100.863,1.098,69.1,1.59,0.0,193708.0
2024-05-16,72.9818,100.863,1.098,69.1,1.59,0.0,193708.0
2024-05-17,72.9818,100.863,1.098,69.1,1.59,0.0,193708.0
2024-05-18,72.9818,100.863,1.098,69.1,1.59,0.0,193708.0
2024-05-20,72.9818,100.863,1.098,69.1,1.59,0.0,193708.0
2024-05-21,72.9818,100.863,1.098,69.1,1.59,0.0,193708.0
2024-05-22,72.9818,100.863,1.098,69.1,1.59,0.0,193708.0
2024-05-23,72.9818,100.863,1.098,69.1,1.59,0.0,193708.0
2024-05-24,72.9818,100.863,1.098,69.1,1.59,0.0,193708.0
2024-05-25,72.9818,100.863,1.098,69.1,1.59,0.0,193708.0
2024-05-27,72.9818,100.863,1.098,69.1,1.59,0.0,193708.0
2024-05-28,72.9818,100.863,1.098,69.1,1.59,0.0,193708.0
2024-05-29,72.9818,100.863,1.098,69.1,1.59,0.0,193708.0
2024-05-30,72.9818,100.863,1.098,69.1,1.59,0.0,193708.0
2024-05-31,72.9818,100.863,1.098,69.1,1.59,0.0,193708.0
2024-06-01,72.9608,100.894,1.078,68.2,1.58,0.0009747120700545064,194494.0
2024-06-03,72.9608,100.894,1.078,68.2,1.58,0.0,194494.0
2024-06-04,72.9608,100.894,1.078,68.2,1.58,0.0,194494.0
2024-06-05,72.9608,100.894,1.078,68.2,1.58,0.0,194494.0
2024-06-06,72.9608,100.894,1.078,68.2,1.58,0.0,194494.0
2024-06-07,72.9608,100.894,1.078,68.2,1.58,0.0,194494.0
2024-06-08,72.9608,100.894,1.078,68.2,1.58,0.0,194494.0
2024-06-10,72.9608,100.894,1.078,68.2,1.58,0.0,194494.0
2024-06-11,72.9608,100.894,1.078,68.2,1.58,0.0,194494.0
2024-06-12,72.9608,100.894,1.078,68.2,1.58,0.0,194494.0
2024-06-13,72.9608,100.894,1.078,68.2,1.58,0.0,194494.0
2024-06-14,72.9608,100.894,1.078,68.2,1.58,0.0,194494.0
2024-06-15,72.9608,100.894,1.078,68.2,1.58,0.0,194494.0
2024-06-17,72.9608,100.894,1.078,68.2,1.58,0.0,194494.0
2024-06-18,72.9608,100.894,1.078,68.2,1.58,0.0,194494.0
2024-06-19,72.9608,100.894,1.078,68.2,1.58,0.0,194494.0
2024-06-20,72.9608,100.894,1.078,68.2,1.58,0.0,194494.0
2024-06-21,72.9608,100.894,1.078,68.2,1.58,0.0,194494.0
2024-06-22,72.9608,100.894,1.078,68.2,1.58,0.0,194494.0
2024-06-24,72.9608,100.894,1.078,68.2,1.58,0.0,194494.0
2024-06-25,72.9608,100.894,1.078,68.2,1.58,0.0,194494.0
2024-06-26,72.9608,100.894,1.078,68.2,1.58,0.0,194494.0
2024-06-27,72.9608,100.894,1.078,68.2,1.58,0.0,194494.0
2024-06-28,72.9608,100.894,1.078,68.2,1.58,0.0,194494.0
2024-06-29,72.9608,100.894,1.078,68.2,1.58,0.0,194494.0
2024-07-01,66.7669,99.9757,1.11,66.4,1.57,0.0005453072416801152,193703.0
2024-07-02,66.7669,99.9757,1.11,66.4,1.57,0.0,193703.0
2024-07-03,66.7669,99.9757,1.11,66.4,1.57,0.0,193703.0
2024-07-04,66.7669,99.9757,1.11,66.4,1.57,0.0,193703.0
2024-07-05,66.7669,99.9757,1.11,66.4,1.57,0.0,193703.0
2024-07-06,66.7669,99.9757,1.11,66.4,1.57,0.0,193703.0
2024-07-08,66.7669,99.9757,1.11,66.4,1.57,0.0,193703.0
2024-07-09,66.7669,99.9757,1.11,66.4,1.57,0.0,193703.0
2024-07-10,66.7669,99.9757,1.11,66.4,1.57,0.0,193703.0
2024-07-11,66.7669,99.9757,1.11,66.4,1.57,0.0,193703.0
2024-07-12,66.7669,99.9757,1.11,66.4,1.57,0.0,193703.0
2024-07-13,66.7669,99.9757,1.11,66.4,1.57,0.0,193703.0
2024-07-15,66.7669,99.9757,1.11,66.4,1.57,0.0,193703.0
2024-07-16,66.7669,99.9757,1.11,66.4,1.57,0.0,193703.0
2024-07-17,66.7669,99.9757,1.11,66.4,1.57,0.0,193703.0
2024-07-18,66.7669,99.9757,1.11,66.4,1.57,0.0,193703.0
2024-07-19,66.7669,99.9757,1.11,66.4,1.57,0.0,193703.0
2024-07-20,66.7669,99.9757,1.11,66.4,1.57,0.0,193703.0
2024-07-22,66.7669,99.9757,1.11,66.4,1.57,0.0,193703.0
2024-07-23,66.7669,99.9757,1.11,66.4,1.57,0.0,193703.0
2024-07-24,66.7669,99.9757,1.11,66.4,1.57,0.0,193703.0
2024-07-25,66.7669,99.9757,1.11,66.4,1.57,0.0,193703.0
2024-07-26,66.7669,99.9757,1.11,66.4,1.57,0.0,193703.0
2024-07-27,66.7669,99.9757,1.11,66.4,1.57,0.0,193703.0
2024-07-29,66.7669,99.9757,1.11,66.4,1.57,0.0,193703.0
2024-07-30,66.7669,99.9757,1.11,66.4,1.57,0.0,193703.0
2024-07-31,66.7669,99.9757,1.11,66.4,1.57,0.0,193703.0
2024-08-01,60.939,100.4309,1.121,67.9,1.58,0.0009187312166183403,194816.0
2024-08-02,60.939,100.4309,1.121,67.9,1.58,0.0,194816.0
2024-08-03,60.939,100.4309,1.121,67.9,1.58,0.0,194816.0
2024-08-05,60.939,100.4309,1.121,67.9,1.58,0.0,194816.0
2024-08-06,60.939,100.4309,1.121,67.9,1.58,0.0,194816.0
2024-08-07,60.939,100.4309,1.121,67.9,1.58,0.0,194816.0
2024-08-08,60.939,100.4309,1.121,67.9,1.58,0.0,194816.0
2024-08-09,60.939,100.4309,1.121,67.9,1.58,0.0,194816.0
2024-08-10,60.939,100.4309,1.121,67.9,1.58,0.0,194816.0
2024-08-12,60.939,100.4309,1.121,67.9,1.58,0.0,194816.0
2024-08-13,60.939,100.4309,1.121,67.9,1.58,0.0,194816.0
2024-08-14,60.939,100.4309,1.121,67.9,1.58,0.0,194816.0
2024-08-15,60.939,100.4309,1.121,67.9,1.58,0.0,194816.0
2024-08-16,60.939,100.4309,1.121,67.9,1.58,0.0,194816.0
2024-08-17,60.939,100.4309,1.121,67.9,1.58,0.0,194816.0
2024-08-19,60.939,100.4309,1.121,67.9,1.58,0.0,194816.0
2024-08-20,60.939,100.4309,1.121,67.9,1.58,0.0,194816.0
2024-08-21,60.939,100.4309,1.121,67.9,1.58,0.0,194816.0
2024-08-22,60.939,100.4309,1.121,67.9,1.58,0.0,194816.0
2024-08-23,60.939,100.4309,1.121,67.9,1.58,0.0,194816.0
2024-08-24,60.939,100.4309,1.121,67.9,1.58,0.0,194816.0
2024-08-26,60.939,100.4309,1.121,67.9,1.58,0.0,194816.0
2024-08-27,60.939,100.4309,1.121,67.9,1.58,0.0,194816.0
2024-08-28,60.939,100.4309,1.121,67.9,1.58,0.0,194816.0
2024-08-29,60.939,100.4309,1.121,67.9,1.58,0.0,194816.0
2024-08-30,60.939,100.4309,1.121,67.9,1.58,0.0,194816.0
2024-08-31,60.939,100.4309,1.121,67.9,1.58,0.0,194816.0
2024-09-01,55.934,99.8084,1.102,70.1,1.58,-0.00011668066834702451,196891.0
2024-09-02,55.934,99.8084,1.102,70.1,1.58,0.0,196891.0
2024-09-03,55.934,99.8084,1.102,70.1,1.58,0.0,196891.0
2024-09-04,55.934,99.8084,1.102,70.1,1.58,0.0,196891.0
2024-09-05,55.934,99.8084,1.102,70.1,1.58,0.0,196891.0
2024-09-06,55.934,99.8084,1.102,70.1,1.58,0.0,196891.0
2024-09-07,55.934,99.8084,1.102,70.1,1.58,0.0,196891.0
2024-09-09,55.934,99.8084,1.102,70.1,1.58,0.0,196891.0
2024-09-10,55.934,99.8084,1.102,70.1,1.58,0.0,196891.0
2024-09-11,55.934,99.8084,1.102,70.1,1.58,0.0,196891.0
2024-09-12,55.934,99.8084,1.102,70.1,1.58,0.0,196891.0
2024-09-13,55.934,99.8084,1.102,70.1,1.58,0.0,196891.0
2024-09-14,55.934,99.8084,1.102,70.1,1.58,0.0,196891.0
2024-09-16,55.934,99.8084,1.102,70.1,1.58,0.0,196891.0
2024-09-17,55.934,99.8084,1.102,70.1,1.58,0.0,196891.0
2024-09-18,55.934,99.8084,1.102,70.1,1.58,0.0,196891.0
2024-09-19,55.934,99.8084,1.102,70.1,1.58,0.0,196891.0
2024-09-20,55.934,99.8084,1.102,70.1,1.58,0.0,196891.0
2024-09-21,55.934,99.8084,1.102,70.1,1.58,0.0,196891.0
2024-09-23,55.934,99.8084,1.102,70.1,1.58,0.0,196891.0
2024-09-24,55.934,99.8084,1.102,70.1,1.58,0.0,196891.0
2024-09-25,55.934,99.8084,1.102,70.1,1.58,0.0,196891.0
2024-09-26,55.934,99.8084,1.102,70.1,1.58,0.0,196891.0
2024-09-27,55.934,99.8084,1.102,70.1,1.58,0.0,196891.0
2024-09-28,55.934,99.8084,1.102,70.1,1.58,0.0,196891.0
2024-09-30,55.934,99.8084,1.102,70.1,1.58,0.0,196891.0
2024-10-01,54.2485,99.4695,1.081,70.5,1.58,-0.0013380944601333322,196508.0
2024-10-02,54.2485,99.4695,1.081,70.5,1.58,0.0,196508.0
2024-10-03,54.2485,99.4695,1.081,70.5,1.58,0.0,196508.0
2024-10-04,54.2485,99.4695,1.081,70.5,1.58,0.0,196508.0
2024-10-05,54.2485,99.4695,1.081,70.5,1.58,0.0,196508.0
2024-10-07,54.2485,99.4695,1.081,70.5,1.58,0.0,196508.0
2024-10-08,54.2485,99.4695,1.081,70.5,1.58,0.0,196508.0
2024-10-09,54.2485,99.4695,1.081,70.5,1.58,0.0,196508.0
2024-10-10,54.2485,99.4695,1.081,70.5,1.58,0.0,196508.0
2024-10-11,54.2485,99.4695,1.081,70.5,1.58,0.0,196508.0
2024-10-12,54.2485,99.4695,1.081,70.5,1.58,0.0,196508.0
2024-10-14,54.2485,99.4695,1.081,70.5,1.58,0.0,196508.0
2024-10-15,54.2485,99.4695,1.081,70.5,1.58,0.0,196508.0
2024-10-16,54.2485,99.4695,1.081,70.5,1.58,0.0,196508.0
2024-10-17,54.2485,99.4695,1.081,70.5,1.58,0.0,196508.0
2024-10-18,54.2485,99.4695,1.081,70.5,1.58,0.0,196508.0
2024-10-19,54.2485,99.4695,1.081,70.5,1.58,0.0,196508.0
2024-10-21,54.2485,99.4695,1.081,70.5,1.58,0.0,196508.0
2024-10-22,54.2485,99.4695,1.081,70.5,1.58,0.0,196508.0
2024-10-23,54.2485,99.4695,1.081,70.5,1.58,0.0,196508.0
2024-10-24,54.2485,99.4695,1.081,70.5,1.58,0.0,196508.0
2024-10-25,54.2485,99.4695,1.081,70.5,1.58,0.0,196508.0
2024-10-26,54.2485,99.4695,1.081,70.5,1.58,0.0,196508.0
2024-10-28,54.2485,99.4695,1.081,70.5,1.58,0.0,196508.0
2024-10-29,54.2485,99.4695,1.081,70.5,1.58,0.0,196508.0
2024-10-30,54.2485,99.4695,1.081,70.5,1.58,0.0,196508.0
2024-10-31,54.2485,99.4695,1.081,70.5,1.58,0.0,196508.0
2024-11-01,51.8639,99.2925,1.086,71.8,1.58,9.348051320801076e-05,195810.0
2024-11-02,51.8639,99.2925,1.086,71.8,1.58,0.0,195810.0
2024-11-04,51.8639,99.2925,1.086,71.8,1.58,0.0,195810.0
2024-11-05,51.8639,99.2925,1.086,71.8,1.58,0.0,195810.0
2024-11-06,51.8639,99.2925,1.086,71.8,1.58,0.0,195810.0
2024-11-07,51.8639,99.2925,1.086,71.8,1.58,0.0,195810.0
2024-11-08,51.8639,99.2925,1.086,71.8,1.58,0.0,195810.0
2024-11-09,51.8639,99.2925,1.086,71.8,1.58,0.0,195810.0
2024-11-11,51.8639,99.2925,1.086,71.8,1.58,0.0,195810.0
2024-11-12,51.8639,99.2925,1.086,71.8,1.58,0.0,195810.0
2024-11-13,51.8639,99.2925,1.086,71.8,1.58,0.0,195810.0
2024-11-14,51.8639,99.2925,1.086,71.8,1.58,0.0,195810.0
2024-11-15,51.8639,99.2925,1.086,71.8,1.58,0.0,195810.0
2024-11-16,51.8639,99.2925,1.086,71.8,1.58,0.0,195810.0
2024-11-18,51.8639,99.2925,1.086,71.8,1.58,0.0,195810.0
2024-11-19,51.8639,99.2925,1.086,71.8,1.58,0.0,195810.0
2024-11-20,51.8639,99.2925,1.086,71.8,1.58,0.0,195810.0
2024-11-21,51.8639,99.2925,1.086,71.8,1.58,0.0,195810.0
2024-11-22,51.8639,99.2925,1.086,71.8,1.58,0.0,195810.0
2024-11-23,51.8639,99.2925,1.086,71.8,1.58,0.0,195810.0
2024-11-25,51.8639,99.2925,1.086,71.8,1.58,0.0,195810.0
2024-11-26,51.8639,99.2925,1.086,71.8,1.58,0.0,195810.0
2024-11-27,51.8639,99.2925,1.086,71.8,1.58,0.0,195810.0
2024-11-28,51.8639,99.2925,1.086,71.8,1.58,0.0,195810.0
2024-11-29,51.8639,99.2925,1.086,71.8,1.58,0.0,195810.0
2024-11-30,51.8639,99.2925,1.086,71.8,1.58,0.0,195810.0
2024-12-01,48.454,100.3273,1.007,74.0,1.58,0.00019473286545523827,196225.0
2024-12-02,48.454,100.3273,1.007,74.0,1.58,0.0,196225.0
2024-12-03,48.454,100.3273,1.007,74.0,1.58,0.0,196225.0
2024-12-04,48.454,100.3273,1.007,74.0,1.58,0.0,196225.0
2024-12-05,48.454,100.3273,1.007,74.0,1.58,0.0,196225.0
2024-12-06,48.454,100.3273,1.007,74.0,1.58,0.0,196225.0
2024-12-07,48.454,100.3273,1.007,74.0,1.58,0.0,196225.0
2024-12-09,48.454,100.3273,1.007,74.0,1.58,0.0,196225.0
2024-12-10,48.454,100.3273,1.007,74.0,1.58,0.0,196225.0
2024-12-11,48.454,100.3273,1.007,74.0,1.58,0.0,196225.0
2024-12-12,48.454,100.3273,1.007,74.0,1.58,0.0,196225.0
2024-12-13,48.454,100.3273,1.007,74.0,1.58,0.0,196225.0
2024-12-14,48.454,100.3273,1.007,74.0,1.58,0.0,196225.0
2024-12-16,48.454,100.3273,1.007,74.0,1.58,0.0,196225.0
2024-12-17,48.454,100.3273,1.007,74.0,1.58,0.0,196225.0
2024-12-18,48.454,100.3273,1.007,74.0,1.58,0.0,196225.0
2024-12-19,48.454,100.3273,1.007,74.0,1.58,0.0,196225.0
2024-12-20,48.454,100.3273,1.007,74.0,1.58,0.0,196225.0
2024-12-21,48.454,100.3273,1.007,74.0,1.58,0.0,196225.0
2024-12-23,48.454,100.3273,1.007,74.0,1.58,0.0,196225.0
2024-12-24,48.454,100.3273,1.007,74.0,1.58,0.0,196225.0
2024-12-26,48.454,100.3273,1.007,74.0,1.58,0.0,196225.0
2024-12-27,48.454,100.3273,1.007,74.0,1.58,0.0,196225.0
2024-12-28,48.454,100.3273,1.007,74.0,1.58,0.0,196225.0
2024-12-30,48.454,100.3273,1.007,74.0,1.58,0.0,196225.0
2024-12-31,48.454,100.3273,1.007,74.0,1.58,0.0,196225.0
2025-01-01,47.1163,100.0647,0.954,71.7,1.57,0.0036057505101008136,196743.0
2025-01-02,47.1163,100.0647,0.954,71.7,1.57,0.0,196743.0
2025-01-03,47.1163,100.0647,0.954,71.7,1.57,0.0,196743.0
2025-01-04,47.1163,100.0647,0.954,71.7,1.57,0.0,196743.0
2025-01-06,47.1163,100.0647,0.954,71.7,1.57,0.0,196743.0
2025-01-07,47.1163,100.0647,0.954,71.7,1.57,0.0,196743.0
2025-01-08,47.1163,100.0647,0.954,71.7,1.57,0.0,196743.0
2025-01-09,47.1163,100.0647,0.954,71.7,1.57,0.0,196743.0
2025-01-10,47.1163,100.0647,0.954,71.7,1.57,0.0,196743.0
2025-01-11,47.1163,100.0647,0.954,71.7,1.57,0.0,196743.0
2025-01-13,47.1163,100.0647,0.954,71.7,1.57,0.0,196743.0
2025-01-14,47.1163,100.0647,0.954,71.7,1.57,0.0,196743.0
2025-01-15,47.1163,100.0647,0.954,71.7,1.57,0.0,196743.0
2025-01-16,47.1163,100.0647,0.954,71.7,1.57,0.0,196743.0
2025-01-17,47.1163,100.0647,0.954,71.7,1.57,0.0,196743.0
2025-01-18,47.1163,100.0647,0.954,71.7,1.57,0.0,196743.0
2025-01-20,47.1163,100.0647,0.954,71.7,1.57,0.0,196743.0
2025-01-21,47.1163,100.0647,0.954,71.7,1.57,0.0,196743.0
2025-01-22,47.1163,100.0647,0.954,71.7,1.57,0.0,196743.0
2025-01-23,47.1163,100.0647,0.954,71.7,1.57,0.0,196743.0
2025-01-24,47.1163,100.0647,0.954,71.7,1.57,0.0,196743.0
2025-01-25,47.1163,100.0647,0.954,71.7,1.57,0.0,196743.0
2025-01-27,47.1163,100.0647,0.954,71.7,1.57,0.0,196743.0
2025-01-28,47.1163,100.0647,0.954,71.7,1.57,0.0,196743.0
2025-01-29,47.1163,100.0647,0.954,71.7,1.57,0.0,196743.0
2025-01-30,47.1163,100.0647,0.954,71.7,1.57,0.0,196743.0
2025-01-31,47.1163,100.0647,0.954,71.7,1.57,0.0,196743.0
2025-02-01,52.4037,101.0993,1.054,64.7,1.57,-8.535799920850184e-05,197569.0
2025-02-03,52.4037,101.0993,1.054,64.7,1.57,0.0,197569.0
2025-02-04,52.4037,101.0993,1.054,64.7,1.57,0.0,197569.0
2025-02-05,52.4037,101.0993,1.054,64.7,1.57,0.0,197569.0
2025-02-06,52.4037,101.0993,1.054,64.7,1.57,0.0,197569.0
2025-02-07,52.4037,101.0993,1.054,64.7,1.57,0.0,197569.0
2025-02-08,52.4037,101.0993,1.054,64.7,1.57,0.0,197569.0
2025-02-10,52.4037,101.0993,1.054,64.7,1.57,0.0,197569.0
2025-02-11,52.4037,101.0993,1.054,64.7,1.57,0.0,197569.0
2025-02-12,52.4037,101.0993,1.054,64.7,1.57,0.0,197569.0
2025-02-13,52.4037,101.0993,1.054,64.7,1.57,0.0,197569.0
2025-02-14,52.4037,101.0993,1.054,64.7,1.57,0.0,197569.0
2025-02-15,52.4037,101.0993,1.054,64.7,1.57,0.0,197569.0
2025-02-17,52.4037,101.0993,1.054,64.7,1.57,0.0,197569.0
2025-02-18,52.4037,101.0993,1.054,64.7,1.57,0.0,197569.0
2025-02-19,52.4037,101.0993,1.054,64.7,1.57,0.0,197569.0
2025-02-20,52.4037,101.0993,1.054,64.7,1.57,0.0,197569.0
2025-02-21,52.4037,101.0993,1.054,64.7,1.57,0.0,197569.0
2025-02-22,52.4037,101.0993,1.054,64.7,1.57,0.0,197569.0
2025-02-24,52.4037,101.0993,1.054,64.7,1.57,0.0,197569.0
2025-02-25,52.4037,101.0993,1.054,64.7,1.57,0.0,197569.0
2025-02-26,52.4037,101.0993,1.054,64.7,1.57,0.0,197569.0
2025-02-27,52.4037,101.0993,1.054,64.7,1.57,0.0,197569.0
2025-02-28,52.4037,101.0993,1.054,64.7,1.57,0.0,197569.0
2025-03-01,56.9125,101.0404,1.054,57.0,1.57,0.000380263545918913,197131.0
2025-03-03,56.9125,101.0404,1.054,57.0,1.57,0.0,197131.0
2025-03-04,56.9125,101.0404,1.054,57.0,1.57,0.0,197131.0
2025-03-05,56.9125,101.0404,1.054,57.0,1.57,0.0,197131.0
2025-03-06,56.9125,101.0404,1.054,57.0,1.57,0.0,197131.0
2025-03-07,56.9125,101.0404,1.054,57.0,1.57,0.0,197131.0
2025-03-08,56.9125,101.0404,1.054,57.0,1.57,0.0,197131.0
2025-03-10,56.9125,101.0404,1.054,57.0,1.57,0.0,197131.0
2025-03-11,56.9125,101.0404,1.054,57.0,1.57,0.0,197131.0
2025-03-12,56.9125,101.0404,1.054,57.0,1.57,0.0,197131.0
2025-03-13,56.9125,101.0404,1.054,57.0,1.57,0.0,197131.0
2025-03-14,56.9125,101.0404,1.054,57.0,1.57,0.0,197131.0
2025-03-15,56.9125,101.0404,1.054,57.0,1.57,0.0,197131.0
2025-03-17,56.9125,101.0404,1.054,57.0,1.57,0.0,197131.0
2025-03-18,56.9125,101.0404,1.054,57.0,1.57,0.0,197131.0
2025-03-19,56.9125,101.0404,1.054,57.0,1.57,0.0,197131.0
2025-03-20,56.9125,101.0404,1.054,57.0,1.57,0.0,197131.0
2025-03-21,56.9125,101.0404,1.054,57.0,1.57,0.0,197131.0
2025-03-22,56.9125,101.0404,1.054,57.0,1.57,0.0,197131.0
2025-03-24,56.9125,101.0404,1.054,57.0,1.57,0.0,197131.0
2025-03-25,56.9125,101.0404,1.054,57.0,1.57,0.0,197131.0
2025-03-26,56.9125,101.0404,1.054,57.0,1.57,0.0,197131.0
2025-03-27,56.9125,101.0404,1.054,57.0,1.57,0.0,197131.0
2025-03-28,56.9125,101.0404,1.054,57.0,1.57,0.0,197131.0
2025-03-29,56.9125,101.0404,1.054,57.0,1.57,0.0,197131.0
2025-03-31,56.9125,101.0404,1.054,57.0,1.57,0.0,197131.0
2025-04-01,56.5811,101.1279,1.058,52.2,1.58,0.0034365860659233416,197143.0
2025-04-02,56.5811,101.1279,1.058,52.2,1.58,0.0,197143.0
2025-04-03,56.5811,101.1279,1.058,52.2,1.58,0.0,197143.0
2025-04-04,56.5811,101.1279,1.058,52.2,1.58,0.0,197143.0
2025-04-05,56.5811,101.1279,1.058,52.2,1.58,0.0,197143.0
2025-04-07,56.5811,101.1279,1.058,52.2,1.58,0.0,197143.0
2025-04-08,56.5811,101.1279,1.058,52.2,1.58,0.0,197143.0
2025-04-09,56.5811,101.1279,1.058,52.2,1.58,0.0,197143.0
2025-04-10,56.5811,101.1279,1.058,52.2,1.58,0.0,197143.0
2025-04-11,56.5811,101.1279,1.058,52.2,1.58,0.0,197143.0
2025-04-12,56.5811,101.1279,1.058,52.2,1.58,0.0,197143.0
2025-04-14,56.5811,101.1279,1.058,52.2,1.58,0.0,197143.0
2025-04-15,56.5811,101.1279,1.058,52.2,1.58,0.0,197143.0
2025-04-16,56.5811,101.1279,1.058,52.2,1.58,0.0,197143.0
2025-04-17,56.5811,101.1279,1.058,52.2,1.58,0.0,197143.0
2025-04-19,56.5811,101.1279,1.058,52.2,1.58,0.0,197143.0
2025-04-21,56.5811,101.1279,1.058,52.2,1.58,0.0,197143.0
2025-04-22,56.5811,101.1279,1.058,52.2,1.58,0.0,197143.0
2025-04-23,56.5811,101.1279,1.058,52.2,1.58,0.0,197143.0
2025-04-24,56.5811,101.1279,1.058,52.2,1.58,0.0,197143.0
2025-04-25,56.5811,101.1279,1.058,52.2,1.58,0.0,197143.0
2025-04-26,56.5811,101.1279,1.058,52.2,1.58,0.0,197143.0
2025-04-28,56.5811,101.1279,1.058,52.2,1.58,0.0,197143.0
2025-04-29,56.5811,101.1279,1.058,52.2,1.58,0.0,197143.0
2025-04-30,56.5811,101.1279,1.058,52.2,1.58,0.0,197143.0
2025-05-01,55.8872,100.9655,1.054,52.2,1.57,0.003679938152300055,198398.0
2025-05-02,55.8872,100.9655,1.054,52.2,1.57,0.0,198398.0
2025-05-03,55.8872,100.9655,1.054,52.2,1.57,0.0,198398.0
2025-05-05,55.8872,100.9655,1.054,52.2,1.57,0.0,198398.0
2025-05-06,55.8872,100.9655,1.054,52.2,1.57,0.0,198398.0
2025-05-07,55.8872,100.9655,1.054,52.2,1.57,0.0,198398.0
2025-05-08,55.8872,100.9655,1.054,52.2,1.57,0.0,198398.0
2025-05-09,55.8872,100.9655,1.054,52.2,1.57,0.0,198398.0
2025-05-10,55.8872,100.9655,1.054,52.2,1.57,0.0,198398.0
2025-05-12,55.8872,100.9655,1.054,52.2,1.57,0.0,198398.0
2025-05-13,55.8872,100.9655,1.054,52.2,1.57,0.0,198398.0
2025-05-14,55.8872,100.9655,1.054,52.2,1.57,0.0,198398.0
2025-05-15,55.8872,100.9655,1.054,52.2,1.57,0.0,198398.0
2025-05-16,55.8872,100.9655,1.054,52.2,1.57,0.0,198398.0
2025-05-17,55.8872,100.9655,1.054,52.2,1.57,0.0,198398.0
2025-05-19,55.8872,100.9655,1.054,52.2,1.57,0.0,198398.0
2025-05-20,55.8872,100.9655,1.054,52.2,1.57,0.0,198398.0
2025-05-21,55.8872,100.9655,1.054,52.2,1.57,0.0,198398.0
2025-05-22,55.8872,100.9655,1.054,52.2,1.57,0.0,198398.0
2025-05-23,55.8872,100.9655,1.054,52.2,1.57,0.0,198398.0
2025-05-24,55.8872,100.9655,1.054,52.2,1.57,0.0,198398.0
2025-05-26,55.8872,100.9655,1.054,52.2,1.57,0.0,198398.0
2025-05-27,55.8872,100.9655,1.054,52.2,1.57,0.0,198398.0
2025-05-28,55.8872,100.9655,1.054,52.2,1.57,0.0,198398.0
2025-05-29,55.8872,100.9655,1.054,52.2,1.57,0.0,198398.0
2025-05-30,55.8872,100.9655,1.054,52.2,1.57,0.0,198398.0
2025-05-31,55.8872,100.9655,1.054,52.2,1.57,0.0,198398.0
2025-06-01,57.8146,101.4785,1.052,60.7,1.57,0.002172138092523923,199115.0
2025-06-02,57.8146,101.4785,1.052,60.7,1.57,0.0,199115.0
2025-06-03,57.8146,101.4785,1.052,60.7,1.57,0.0,199115.0
2025-06-04,57.8146,101.4785,1.052,60.7,1.57,0.0,199115.0
2025-06-05,57.8146,101.4785,1.052,60.7,1.57,0.0,199115.0
2025-06-06,57.8146,101.4785,1.052,60.7,1.57,0.0,199115.0
2025-06-07,57.8146,101.4785,1.052,60.7,1.57,0.0,199115.0
2025-06-09,57.8146,101.4785,1.052,60.7,1.57,0.0,199115.0
2025-06-10,57.8146,101.4785,1.052,60.7,1.57,0.0,199115.0
2025-06-11,57.8146,101.4785,1.052,60.7,1.57,0.0,199115.0
2025-06-12,57.8146,101.4785,1.052,60.7,1.57,0.0,199115.0
2025-06-13,57.8146,101.4785,1.052,60.7,1.57,0.0,199115.0
2025-06-14,57.8146,101.4785,1.052,60.7,1.57,0.0,199115.0
2025-06-16,57.8146,101.4785,1.052,60.7,1.57,0.0,199115.0
2025-06-17,57.8146,101.4785,1.052,60.7,1.57,0.0,199115.0
2025-06-18,57.8146,101.4785,1.052,60.7,1.57,0.0,199115.0
2025-06-19,57.8146,101.4785,1.052,60.7,1.57,0.0,199115.0
2025-06-20,57.8146,101.4785,1.052,60.7,1.57,0.0,199115.0
2025-06-21,57.8146,101.4785,1.052,60.7,1.57,0.0,199115.0
2025-06-23,57.8146,101.4785,1.052,60.7,1.57,0.0,199115.0
2025-06-24,57.8146,101.4785,1.052,60.7,1.57,0.0,199115.0
2025-06-25,57.8146,101.4785,1.052,60.7,1.57,0.0,199115.0
2025-06-26,57.8146,101.4785,1.052,60.7,1.57,0.0,199115.0
2025-06-27,57.8146,101.4785,1.052,60.7,1.57,0.0,199115.0
2025-06-28,57.8146,101.4785,1.052,60.7,1.57,0.0,199115.0
2025-06-30,57.8146,101.4785,1.052,60.7,1.57,0.0,199115.0
2025-07-01,59.7505,101.894,1.033,61.7,1.56,0.002282718971930997,200898.0
2025-07-02,59.7505,101.894,1.033,61.7,1.56,0.0,200898.0
2025-07-03,59.7505,101.894,1.033,61.7,1.56,0.0,200898.0
2025-07-04,59.7505,101.894,1.033,61.7,1.56,0.0,200898.0
2025-07-05,59.7505,101.894,1.033,61.7,1.56,0.0,200898.0
2025-07-07,59.7505,101.894,1.033,61.7,1.56,0.0,200898.0
2025-07-08,59.7505,101.894,1.033,61.7,1.56,0.0,200898.0
2025-07-09,59.7505,101.894,1.033,61.7,1.56,0.0,200898.0
2025-07-10,59.7505,101.894,1.033,61.7,1.56,0.0,200898.0
2025-07-11,59.7505,101.894,1.033,61.7,1.56,0.0,200898.0
2025-07-12,59.7505,101.894,1.033,61.7,1.56,0.0,200898.0
2025-07-14,59.7505,101.894,1.033,61.7,1.56,0.0,200898.0
2025-07-15,59.7505,101.894,1.033,61.7,1.56,0.0,200898.0
2025-07-16,59.7505,101.894,1.033,61.7,1.56,0.0,200898.0
2025-07-17,59.7505,101.894,1.033,61.7,1.56,0.0,200898.0
2025-07-18,59.7505,101.894,1.033,61.7,1.56,0.0,200898.0
2025-07-19,59.7505,101.894,1.033,61.7,1.56,0.0,200898.0
2025-07-21,59.7505,101.894,1.033,61.7,1.56,0.0,200898.0
2025-07-22,59.7505,101.894,1.033,61.7,1.56,0.0,200898.0
2025-07-23,59.7505,101.894,1.033,61.7,1.56,0.0,200898.0
2025-07-24,59.7505,101.894,1.033,61.7,1.56,0.0,200898.0
2025-07-25,59.7505,101.894,1.033,61.7,1.56,0.0,200898.0
2025-07-26,59.7505,101.894,1.033,61.7,1.56,0.0,200898.0
2025-07-28,59.7505,101.894,1.033,61.7,1.56,0.0,200898.0
2025-07-29,59.7505,101.894,1.033,61.7,1.56,0.0,200898.0
2025-07-30,59.7505,101.894,1.033,61.7,1.56,0.0,200898.0
2025-07-31,59.7505,101.894,1.033,61.7,1.56,0.0,200898.0
2025-08-01,60.565,101.6247,1.017,58.2,1.56,-0.0006978260036042405,201805.0
2025-08-02,60.565,101.6247,1.017,58.2,1.56,0.0,201805.0
2025-08-04,60.565,101.6247,1.017,58.2,1.56,0.0,201805.0
2025-08-05,60.565,101.6247,1.017,58.2,1.56,0.0,201805.0
2025-08-06,60.565,101.6247,1.017,58.2,1.56,0.0,201805.0
2025-08-07,60.565,101.6247,1.017,58.2,1.56,0.0,201805.0
2025-08-08,60.565,101.6247,1.017,58.2,1.56,0.0,201805.0
2025-08-09,60.565,101.6247,1.017,58.2,1.56,0.0,201805.0
2025-08-11,60.565,101.6247,1.017,58.2,1.56,0.0,201805.0
2025-08-12,60.565,101.6247,1.017,58.2,1.56,0.0,201805.0
2025-08-13,60.565,101.6247,1.017,58.2,1.56,0.0,201805.0
2025-08-14,60.565,101.6247,1.017,58.2,1.56,0.0,201805.0
2025-08-15,60.565,101.6247,1.017,58.2,1.56,0.0,201805.0
2025-08-16,60.565,101.6247,1.017,58.2,1.56,0.0,201805.0
2025-08-18,60.565,101.6247,1.017,58.2,1.56,0.0,201805.0
2025-08-19,60.565,101.6247,1.017,58.2,1.56,0.0,201805.0
2025-08-20,60.565,101.6247,1.017,58.2,1.56,0.0,201805.0
2025-08-21,60.565,101.6247,1.017,58.2,1.56,0.0,201805.0
2025-08-22,60.565,101.6247,1.017,58.2,1.56,0.0,201805.0
2025-08-23,60.565,101.6247,1.017,58.2,1.56,0.0,201805.0
2025-08-25,60.565,101.6247,1.017,58.2,1.56,0.0,201805.0
2025-08-26,60.565,101.6247,1.017,58.2,1.56,0.0,201805.0
2025-08-27,60.565,101.6247,1.017,58.2,1.56,0.0,201805.0
2025-08-28,60.565,101.6247,1.017,58.2,1.56,0.0,201805.0
2025-08-29,60.565,101.6247,1.017,58.2,1.56,0.0,201805.0
2025-08-30,60.565,101.6247,1.017,58.2,1.56,0.0,201805.0
2025-09-01,57.8158,101.668,1.042,55.1,1.56,0.0020795923692007445,203094.0
2025-09-02,57.8158,101.668,1.042,55.1,1.56,0.0,203094.0
2025-09-03,57.8158,101.668,1.042,55.1,1.56,0.0,203094.0
2025-09-04,57.8158,101.668,1.042,55.1,1.56,0.0,203094.0
2025-09-05,57.8158,101.668,1.042,55.1,1.56,0.0,203094.0
2025-09-06,57.8158,101.668,1.042,55.1,1.56,0.0,203094.0
2025-09-08,57.8158,101.668,1.042,55.1,1.56,0.0,203094.0
2025-09-09,57.8158,101.668,1.042,55.1,1.56,0.0,203094.0
2025-09-10,57.8158,101.668,1.042,55.1,1.56,0.0,203094.0
2025-09-11,57.8158,101.668,1.042,55.1,1.56,0.0,203094.0
2025-09-12,57.8158,101.668,1.042,55.1,1.56,0.0,203094.0
2025-09-13,57.8158,101.668,1.042,55.1,1.56,0.0,203094.0
2025-09-15,57.8158,101.668,1.042,55.1,1.56,0.0,203094.0
2025-09-16,57.8158,101.668,1.042,55.1,1.56,0.0,203094.0
2025-09-17,57.8158,101.668,1.042,55.1,1.56,0.0,203094.0
2025-09-18,57.8158,101.668,1.042,55.1,1.56,0.0,203094.0
2025-09-19,57.8158,101.668,1.042,55.1,1.56,0.0,203094.0
2025-09-20,57.8158,101.668,1.042,55.1,1.56,0.0,203094.0
2025-09-22,57.8158,101.668,1.042,55.1,1.56,0.0,203094.0
2025-09-23,57.8158,101.668,1.042,55.1,1.56,0.0,203094.0
2025-09-24,57.8158,101.668,1.042,55.1,1.56,0.0,203094.0
2025-09-25,57.8158,101.668,1.042,55.1,1.56,0.0,203094.0
2025-09-26,57.8158,101.668,1.042,55.1,1.56,0.0,203094.0
2025-09-27,57.8158,101.668,1.042,55.1,1.56,0.0,203094.0
2025-09-29,57.8158,101.668,1.042,55.1,1.56,0.0,203094.0
2025-09-30,57.8158,101.668,1.042,55.1,1.56,0.0,203094.0
2025-10-01,56.0963,101.2195,0.997,53.6,1.56,0.0026955622774438304,203472.0
2025-10-02,56.0963,101.2195,0.997,53.6,1.56,0.0,203472.0
2025-10-03,56.0963,101.2195,0.997,53.6,1.56,0.0,203472.0
2025-10-04,56.0963,101.2195,0.997,53.6,1.56,0.0,203472.0
2025-10-06,56.0963,101.2195,0.997,53.6,1.56,0.0,203472.0
2025-10-07,56.0963,101.2195,0.997,53.6,1.56,0.0,203472.0
2025-10-08,56.0963,101.2195,0.997,53.6,1.56,0.0,203472.0
2025-10-09,56.0963,101.2195,0.997,53.6,1.56,0.0,203472.0
2025-10-10,56.0963,101.2195,0.997,53.6,1.56,0.0,203472.0
2025-10-11,56.0963,101.2195,0.997,53.6,1.56,0.0,203472.0
2025-10-13,56.0963,101.2195,0.997,53.6,1.56,0.0,203472.0
2025-10-14,56.0963,101.2195,0.997,53.6,1.56,0.0,203472.0
2025-10-15,56.0963,101.2195,0.997,53.6,1.56,0.0,203472.0
2025-10-16,56.0963,101.2195,0.997,53.6,1.56,0.0,203472.0
2025-10-17,56.0963,101.2195,0.997,53.6,1.56,0.0,203472.0
2025-10-18,56.0963,101.2195,0.997,53.6,1.56,0.0,203472.0
2025-10-20,56.0963,101.2195,0.997,53.6,1.56,0.0,203472.0
2025-10-21,56.0963,101.2195,0.997,53.6,1.56,0.0,203472.0
2025-10-22,56.0963,101.2195,0.997,53.6,1.56,0.0,203472.0
2025-10-23,56.0963,101.2195,0.997,53.6,1.56,0.0,203472.0
2025-10-24,56.0963,101.2195,0.997,53.6,1.56,0.0,203472.0
2025-10-25,56.0963,101.2195,0.997,53.6,1.56,0.0,203472.0
2025-10-27,56.0963,101.2195,0.997,53.6,1.56,0.0,203472.0
2025-10-28,56.0963,101.2195,0.997,53.6,1.56,0.0,203472.0
2025-10-29,56.0963,101.2195,0.997,53.6,1.56,0.0,203472.0
2025-10-30,56.0963,101.2195,0.997,53.6,1.56,0.0,203472.0
2025-10-31,56.0963,101.2195,0.997,53.6,1.56,0.0,203472.0
2025-11-01,57.4652,101.081,1.00382,51.0,1.57,0.0028181491862497854,204436.0
2025-11-03,57.4652,101.081,1.00382,51.0,1.57,0.0,204436.0
2025-11-04,57.4652,101.081,1.00382,51.0,1.57,0.0,204436.0
2025-11-05,57.4652,101.081,1.00382,51.0,1.57,0.0,204436.0
2025-11-06,57.4652,101.081,1.00382,51.0,1.57,0.0,204436.0
2025-11-07,57.4652,101.081,1.00382,51.0,1.57,0.0,204436.0
2025-11-08,57.4652,101.081,1.00382,51.0,1.57,0.0,204436.0
2025-11-10,57.4652,101.081,1.00382,51.0,1.57,0.0,204436.0
2025-11-11,57.4652,101.081,1.00382,51.0,1.57,0.0,204436.0
2025-11-12,57.4652,101.081,1.00382,51.0,1.57,0.0,204436.0
2025-11-13,57.4652,101.081,1.00382,51.0,1.57,0.0,204436.0
2025-11-14,57.4652,101.081,1.00382,51.0,1.57,0.0,204436.0
2025-11-15,57.4652,101.081,1.00382,51.0,1.57,0.0,204436.0
2025-11-17,57.4652,101.081,1.00382,51.0,1.57,0.0,204436.0
2025-11-18,57.4652,101.081,1.00382,51.0,1.57,0.0,204436.0
2025-11-19,57.4652,101.081,1.00382,51.0,1.57,0.0,204436.0
2025-11-20,57.4652,101.081,1.00382,51.0,1.57,0.0,204436.0
2025-11-21,57.4652,101.081,1.00382,51.0,1.57,0.0,204436.0
2025-11-22,57.4652,101.081,1.00382,51.0,1.57,0.0,204436.0
2025-11-24,57.4652,101.081,1.00382,51.0,1.57,0.0,204436.0
2025-11-25,57.4652,101.081,1.00382,51.0,1.57,0.0,204436.0
2025-11-26,57.4652,101.081,1.00382,51.0,1.57,0.0,204436.0
2025-11-27,57.4652,101.081,1.00382,51.0,1.57,0.0,204436.0
2025-11-28,57.4652,101.081,1.00382,51.0,1.57,0.0,204436.0
2025-11-29,57.4652,101.081,1.00382,51.0,1.57,0.0,204436.0
2025-12-01,51.6907,101.6113,0.93191,52.9,1.56,-0.00047217948913236274,206966.0
2025-12-02,51.6907,101.6113,0.93191,52.9,1.56,0.0,206966.0
2025-12-03,51.6907,101.6113,0.93191,52.9,1.56,0.0,206966.0
2025-12-04,51.6907,101.6113,0.93191,52.9,1.56,0.0,206966.0
2025-12-05,51.6907,101.6113,0.93191,52.9,1.56,0.0,206966.0
2025-12-06,51.6907,101.6113,0.93191,52.9,1.56,0.0,206966.0
2025-12-08,51.6907,101.6113,0.93191,52.9,1.56,0.0,206966.0
2025-12-09,51.6907,101.6113,0.93191,52.9,1.56,0.0,206966.0
2025-12-10,51.6907,101.6113,0.93191,52.9,1.56,0.0,206966.0
2025-12-11,51.6907,101.6113,0.93191,52.9,1.56,0.0,206966.0
2025-12-12,51.6907,101.6113,0.93191,52.9,1.56,0.0,206966.0
2025-12-13,51.6907,101.6113,0.93191,52.9,1.56,0.0,206966.0
2025-12-15,51.6907,101.6113,0.93191,52.9,1.56,0.0,206966.0
2025-12-16,51.6907,101.6113,0.93191,52.9,1.56,0.0,206966.0
2025-12-17,51.6907,101.6113,0.93191,52.9,1.56,0.0,206966.0
2025-12-18,51.6907,101.6113,0.93191,52.9,1.56,0.0,206966.0
2025-12-19,51.6907,101.6113,0.93191,52.9,1.56,0.0,206966.0
2025-12-20,51.6907,101.6113,0.93191,52.9,1.56,0.0,206966.0
2025-12-22,51.6907,101.6113,0.93191,52.9,1.56,0.0,206966.0
2025-12-23,51.6907,101.6113,0.93191,52.9,1.56,0.0,206966.0
2025-12-24,51.6907,101.6113,0.93191,52.9,1.56,0.0,206966.0
2025-12-26,51.6907,101.6113,0.93191,52.9,1.56,0.0,206966.0
2025-12-27,51.6907,101.6113,0.93191,52.9,1.56,0.0,206966.0
2025-12-29,51.6907,101.6113,0.93191,52.9,1.56,0.0,206966.0
2025-12-30,51.6907,101.6113,0.93191,52.9,1.56,0.0,206966.0
2025-12-31,51.6907,101.6113,0.93191,52.9,1.56,0.0,206966.0
2026-01-01,49.4412,101.5954,0.886,56.4,1.55,0.0029487062265702857,207738.0
2026-01-02,49.4412,101.5954,0.886,56.4,1.55,0.0,207738.0
2026-01-03,49.4412,101.5954,0.886,56.4,1.55,0.0,207738.0
2026-01-05,49.4412,101.5954,0.886,56.4,1.55,0.0,207738.0
2026-01-06,49.4412,101.5954,0.886,56.4,1.55,0.0,207738.0
2026-01-07,49.4412,101.5954,0.886,56.4,1.55,0.0,207738.0
2026-01-08,49.4412,101.5954,0.886,56.4,1.55,0.0,207738.0
2026-01-09,49.4412,101.5954,0.886,56.4,1.55,0.0,207738.0
2026-01-10,49.4412,101.5954,0.886,56.4,1.55,0.0,207738.0
2026-01-12,49.4412,101.5954,0.886,56.4,1.55,0.0,207738.0
2026-01-13,49.4412,101.5954,0.886,56.4,1.55,0.0,207738.0
2026-01-14,49.4412,101.5954,0.886,56.4,1.55,0.0,207738.0
2026-01-15,49.4412,101.5954,0.886,56.4,1.55,0.0,207738.0
2026-01-16,49.4412,101.5954,0.886,56.4,1.55,0.0,207738.0
2026-01-17,49.4412,101.5954,0.886,56.4,1.55,0.0,207738.0
2026-01-19,49.4412,101.5954,0.886,56.4,1.55,0.0,207738.0
2026-01-20,49.4412,101.5954,0.886,56.4,1.55,0.0,207738.0
2026-01-21,49.4412,101.5954,0.886,56.4,1.55,0.0,207738.0
2026-01-22,49.4412,101.5954,0.886,56.4,1.55,0.0,207738.0
2026-01-23,49.4412,101.5954,0.886,56.4,1.55,0.0,207738.0
2026-01-24,49.4412,101.5954,0.886,56.4,1.55,0.0,207738.0
2026-01-26,49.4412,101.5954,0.886,56.4,1.55,0.0,207738.0
2026-01-27,49.4412,101.5954,0.886,56.4,1.55,0.0,207738.0
2026-01-28,49.4412,101.5954,0.886,56.4,1.55,0.0,207738.0
2026-01-29,49.4412,101.5954,0.886,56.4,1.55,0.0,207738.0
2026-01-30,49.4412,101.5954,0.886,56.4,1.55,0.0,207738.0
2026-01-31,49.4412,101.5954,0.886,56.4,1.55,0.0,207738.0
2026-02-01,52.3488,102.344,0.978,56.6,1.53,0.0018536666894577447,210317.0
2026-02-02,52.3488,102.344,0.978,56.6,1.53,0.0,210317.0
2026-02-03,52.3488,102.344,0.978,56.6,1.53,0.0,210317.0
2026-02-04,52.3488,102.344,0.978,56.6,1.53,0.0,210317.0
2026-02-05,52.3488,102.344,0.978,56.6,1.53,0.0,210317.0
2026-02-06,52.3488,102.344,0.978,56.6,1.53,0.0,210317.0
2026-02-07,52.3488,102.344,0.978,56.6,1.53,0.0,210317.0
2026-02-09,52.3488,102.344,0.978,56.6,1.53,0.0,210317.0
2026-02-10,52.3488,102.344,0.978,56.6,1.53,0.0,210317.0
2026-02-11,52.3488,102.344,0.978,56.6,1.53,0.0,210317.0
2026-02-12,52.3488,102.344,0.978,56.6,1.53,0.0,210317.0
2026-02-13,52.3488,102.344,0.978,56.6,1.53,0.0,210317.0
2026-02-14,52.3488,102.344,0.978,56.6,1.53,0.0,210317.0
2026-02-16,52.3488,102.344,0.978,56.6,1.53,0.0,210317.0
2026-02-17,52.3488,102.344,0.978,56.6,1.53,0.0,210317.0
2026-02-18,52.3488,102.344,0.978,56.6,1.53,0.0,210317.0
2026-02-19,52.3488,102.344,0.978,56.6,1.53,0.0,210317.0
2026-02-20,52.3488,102.344,0.978,56.6,1.53,0.0,210317.0
2026-02-21,52.3488,102.344,0.978,56.6,1.53,0.0,210317.0
2026-02-23,52.3488,102.344,0.978,56.6,1.53,0.0,210317.0
2026-02-24,52.3488,102.344,0.978,56.6,1.53,0.0,210317.0
2026-02-25,52.3488,102.344,0.978,56.6,1.53,0.0,210317.0
2026-02-26,52.3488,102.344,0.978,56.6,1.53,0.0,210317.0
2026-02-27,52.3488,102.344,0.978,56.6,1.53,0.0,210317.0
2026-02-28,52.3488,102.344,0.978,56.6,1.53,0.0,210317.0
2026-03-01,52.8116,101.7898,1.007,53.3,1.53,0.00012890995260650406,212153.0
2026-03-02,52.8116,101.7898,1.007,53.3,1.53,0.0,212153.0
2026-03-03,52.8116,101.7898,1.007,53.3,1.53,0.0,212153.0
2026-03-04,52.8116,101.7898,1.007,53.3,1.53,0.0,212153.0
2026-03-05,52.8116,101.7898,1.007,53.3,1.53,0.0,212153.0
2026-03-06,52.8116,101.7898,1.007,53.3,1.53,0.0,212153.0
2026-03-07,52.8116,101.7898,1.007,53.3,1.53,0.0,212153.0
2026-03-09,52.8116,101.7898,1.007,53.3,1.53,0.0,212153.0
2026-03-10,52.8116,101.7898,1.007,53.3,1.53,0.0,212153.0
2026-03-11,52.8116,101.7898,1.007,53.3,1.53,0.0,212153.0
2026-03-12,52.8116,101.7898,1.007,53.3,1.53,0.0,212153.0
2026-03-13,52.8116,101.7898,1.007,53.3,1.53,0.0,212153.0
2026-03-14,52.8116,101.7898,1.007,53.3,1.53,0.0,212153.0
2026-03-16,52.8116,101.7898,1.007,53.3,1.53,0.0,212153.0
2026-03-17,52.8116,101.7898,1.007,53.3,1.53,0.0,212153.0
2026-03-18,52.8116,101.7898,1.007,53.3,1.53,0.0,212153.0
2026-03-19,52.8116,101.7898,1.007,53.3,1.53,0.0,212153.0
2026-03-20,52.8116,101.7898,1.007,53.3,1.53,0.0,212153.0
2026-03-21,52.8116,101.7898,1.007,53.3,1.53,0.0,212153.0
2026-03-23,52.8116,101.7898,1.007,53.3,1.53,0.0,212153.0
2026-03-24,52.8116,101.7898,1.007,53.3,1.53,0.0,212153.0
2026-03-25,52.8116,101.7898,1.007,53.3,1.53,0.0,212153.0
2026-03-26,52.8116,101.7898,1.007,53.3,1.53,0.0,212153.0
2026-03-27,52.8116,101.7898,1.007,53.3,1.53,0.0,212153.0
2026-03-28,52.8116,101.7898,1.007,53.3,1.53,0.0,212153.0
2026-03-30,52.8116,101.7898,1.007,53.3,1.53,0.0,212153.0
2026-03-31,52.8116,101.7898,1.007,53.3,1.53,0.0,212153.0
2026-04-01,52.8116,101.7898,1.007,53.3,1.53,0.0,212153.0
2026-04-02,52.8116,101.7898,1.007,53.3,1.53,0.0,212153.0
2026-04-03,52.8116,101.7898,1.007,53.3,1.53,0.0,212153.0
2026-04-04,52.8116,101.7898,1.007,53.3,1.53,0.0,212153.0
2026-04-06,52.8116,101.7898,1.007,53.3,1.53,0.0,212153.0
2026-04-07,52.8116,101.7898,1.007,53.3,1.53,0.0,212153.0
2026-04-08,52.8116,101.7898,1.007,53.3,1.53,0.0,212153.0
2026-04-09,52.8116,101.7898,1.007,53.3,1.53,0.0,212153.0
2026-04-10,52.8116,101.7898,1.007,53.3,1.53,0.0,212153.0
2026-04-11,52.8116,101.7898,1.007,53.3,1.53,0.0,212153.0
2026-04-13,52.8116,101.7898,1.007,53.3,1.53,0.0,212153.0
2026-04-14,52.8116,101.7898,1.007,53.3,1.53,0.0,212153.0
2026-04-15,52.8116,101.7898,1.007,53.3,1.53,0.0,212153.0
2026-04-16,52.8116,101.7898,1.007,53.3,1.53,0.0,212153.0
2026-04-17,52.8116,101.7898,1.007,53.3,1.53,0.0,212153.0
2026-04-18,52.8116,101.7898,1.007,53.3,1.53,0.0,212153.0
2026-04-20,52.8116,101.7898,1.007,53.3,1.53,0.0,212153.0
2026-04-21,52.8116,101.7898,1.007,53.3,1.53,0.0,212153.0
2026-04-22,52.8116,101.7898,1.007,53.3,1.53,0.0,212153.0
2026-04-23,52.8116,101.7898,1.007,53.3,1.53,0.0,212153.0
2026-04-24,52.8116,101.7898,1.007,53.3,1.53,0.0,212153.0
2026-04-25,52.8116,101.7898,1.007,53.3,1.53,0.0,212153.0
2026-04-27,52.8116,101.7898,1.007,53.3,1.53,0.0,212153.0
2026-04-28,52.8116,101.7898,1.007,53.3,1.53,0.0,212153.0
2026-04-29,52.8116,101.7898,1.007,53.3,1.53,0.0,212153.0
2026-04-30,52.8116,101.7898,1.007,53.3,1.53,0.0,212153.0
